Company Name,Project Name,Budget Allocated,Budget Spent,Actual Hours Worked,Planned Hours,Week
Company_7,Project D,2192743,1883994,730,921,29
Company_11,Project H,1739911,1609145,1777,1569,36
Company_6,Project B,1762752,1203158,578,821,21
Company_17,Project J,2000942,1548012,1591,1486,28
Company_12,Project G,3152991,2459515,1160,1446,52
Company_7,Project B,3916664,4227565,969,1041,4
Company_2,Project D,3503758,3188273,1569,1308,28
Company_3,Project A,3057489,2744137,1743,1825,36
Company_10,Project D,4084702,4106640,900,961,29
Company_4,Project H,3379190,2745593,1321,1095,14
Company_13,Project B,3130708,2667521,882,1016,47
Company_13,Project I,1925472,980800,1535,1320,29
Company_12,Project H,2252126,2227976,1568,1392,24
Company_3,Project A,2731785,1953443,1049,840,5
Company_9,Project H,4021441,2240932,1154,1302,12
Company_5,Project C,4102279,2727330,1636,1760,44
Company_15,Project C,4908324,4107120,1336,1566,1
Company_9,Project J,2516716,1562959,1799,1663,42
Company_20,Project D,3332868,2164948,1585,1548,30
Company_4,Project G,543585,475426,2215,1812,51
Company_12,Project D,2509021,2066443,757,989,30
Company_20,Project I,3048421,2458394,1434,1448,3
Company_1,Project C,1884250,1307522,1430,1936,42
Company_20,Project G,916880,539906,1264,1751,2
Company_17,Project B,4282875,2273723,998,1184,2
Company_2,Project E,2722809,2971647,1154,1046,44
Company_11,Project H,2241093,1615088,2171,1683,17
Company_11,Project A,2508187,2018888,914,1263,9
Company_20,Project D,1410681,1138780,860,946,19
Company_7,Project D,571295,463120,1307,1671,41
Company_18,Project G,2158845,1980676,1163,1062,31
Company_16,Project I,2019163,1325575,1281,1696,52
Company_12,Project E,1741082,1067673,2153,1922,37
Company_16,Project C,2079159,1544201,1070,1427,20
Company_8,Project D,4878727,4214524,1472,1935,38
Company_3,Project I,3583153,2137296,1127,1137,29
Company_3,Project I,2635619,1692988,1853,1615,36
Company_8,Project G,4801754,3460285,1561,1845,3
Company_6,Project F,2278226,2358483,972,826,45
Company_1,Project A,4272962,4106882,1058,816,5
Company_14,Project E,4872578,4622279,2338,1860,6
Company_17,Project E,3632514,3952897,1699,1939,31
Company_1,Project C,1189944,876768,1525,1365,18
Company_8,Project H,1605534,1302084,1915,1584,50
Company_9,Project F,867654,586668,1483,1558,48
Company_18,Project I,4542787,4447284,831,1120,24
Company_14,Project C,1672622,1213235,1572,1633,23
Company_19,Project I,4749913,4827064,797,1104,22
Company_6,Project F,961243,669016,1235,1063,43
Company_12,Project E,1471525,781393,1593,1683,39
Company_3,Project G,3879569,3141598,1367,1456,40
Company_19,Project J,3677945,3963313,1521,1590,26
Company_12,Project E,1303328,997582,1975,1919,1
Company_16,Project I,4881932,3260936,1552,1503,40
Company_3,Project J,2404050,2295164,1354,1496,16
Company_5,Project A,4773085,4401713,1298,1711,30
Company_16,Project E,3082115,1861354,1085,1156,39
Company_10,Project F,2141249,1405807,1966,1561,5
Company_1,Project H,2089228,1248858,2014,1591,5
Company_2,Project A,3837690,3763122,1554,1489,28
Company_1,Project A,1904330,2027880,2475,1991,51
Company_12,Project B,3148790,1708889,1466,1575,51
Company_10,Project J,4489618,3004061,1816,1625,34
Company_13,Project H,3706420,4004965,1189,1475,36
Company_9,Project H,1662928,1561470,1510,1777,35
Company_5,Project A,3234296,2079463,859,861,13
Company_13,Project C,3725187,1886816,798,875,49
Company_14,Project D,4099865,3604200,1271,1684,19
Company_12,Project I,3263642,2048381,2307,1974,52
Company_7,Project E,4443334,4876820,1382,1433,42
Company_11,Project B,2276203,2077759,1877,1753,47
Company_6,Project G,2636233,1945516,1791,1594,46
Company_5,Project E,1837682,1559793,1093,1299,38
Company_7,Project I,3115075,2260783,1152,1244,45
Company_7,Project J,1249074,707873,687,972,26
Company_20,Project H,805062,762898,1465,1147,41
Company_17,Project I,4535493,3455145,606,857,33
Company_13,Project E,2034837,2146317,1163,1563,16
Company_3,Project C,1358158,1191972,1912,1966,20
Company_3,Project G,2985195,1683810,1015,1172,11
Company_4,Project J,4275803,3635260,1402,1531,8
Company_4,Project F,2504168,1717149,1399,1260,17
Company_13,Project C,2996081,2247011,1610,1508,6
Company_2,Project J,4062737,3375942,1308,1828,30
Company_1,Project F,4571647,4988451,1899,1652,1
Company_17,Project A,3751298,2176920,883,1204,34
Company_6,Project A,2832517,2968193,2143,1846,5
Company_5,Project J,4354418,2823443,1564,1901,10
Company_1,Project C,3531756,2205004,1376,1248,45
Company_2,Project H,1008153,818806,1099,917,39
Company_18,Project A,2179748,1205498,1471,1562,44
Company_16,Project G,3461293,3192862,1532,1234,15
Company_2,Project F,817537,721056,1251,1658,50
Company_2,Project D,2432247,2544818,1439,1341,38
Company_19,Project A,3030179,2350231,1354,1584,5
Company_5,Project B,2349396,1664425,999,925,6
Company_16,Project C,3857519,2280340,1374,1699,47
Company_3,Project C,2450367,1478531,1195,1433,27
Company_5,Project B,2882357,1594581,1410,1444,28
Company_14,Project B,591865,541104,1432,1896,49
Company_15,Project I,2783869,1654137,623,847,22
Company_4,Project A,1414032,1213758,1551,1518,8
Company_14,Project J,567661,441368,858,1164,28
Company_19,Project G,3401614,3424283,1184,1162,3
Company_13,Project B,3418258,2206425,1039,1284,38
Company_7,Project I,2692614,1490422,713,925,17
Company_17,Project D,967010,859955,1480,1969,25
Company_15,Project F,3068103,2328677,1292,1394,34
Company_5,Project F,1072735,903743,1439,1114,52
Company_5,Project I,1444789,917729,1133,1423,33
Company_11,Project H,1168406,620401,1269,1342,9
Company_4,Project H,1040677,768762,1065,874,31
Company_6,Project F,2709373,1632485,2082,1746,49
Company_2,Project H,3430098,3440901,1440,1125,26
Company_4,Project C,1454480,1189625,853,800,20
Company_6,Project E,2105118,1660273,773,1058,11
Company_18,Project H,4257974,3531364,1516,1697,10
Company_2,Project D,1156702,1051328,1219,1584,1
Company_15,Project H,2824797,2676734,1427,1133,38
Company_11,Project I,1884418,1017393,1251,1717,34
Company_8,Project I,2456109,2406304,1237,1524,37
Company_19,Project J,1562636,1332903,1429,1201,4
Company_7,Project H,3062469,2523072,1376,1374,14
Company_17,Project A,3109089,2568517,970,903,47
Company_19,Project F,3869538,3392133,1060,1353,6
Company_15,Project A,4302010,4186536,1553,1349,52
Company_5,Project G,1914397,1192146,1613,1316,33
Company_1,Project F,3717635,2878193,1639,1747,38
Company_8,Project E,3660110,2728147,657,929,29
Company_19,Project C,3192755,1944255,1754,1671,36
Company_8,Project G,4022905,4297951,1490,1195,47
Company_8,Project B,1170688,598064,1717,1627,25
Company_12,Project D,4890020,5151634,732,926,48
Company_9,Project F,998716,561825,1531,1578,51
Company_14,Project E,4827021,2953135,2231,1782,21
Company_19,Project H,2927540,2130029,1613,1960,15
Company_9,Project C,1729336,1760655,1160,1185,52
Company_2,Project A,3249178,1899190,1531,1463,43
Company_20,Project F,4478400,3212966,746,862,24
Company_18,Project E,1795302,1948485,1539,1488,49
Company_8,Project A,3378604,2494730,1019,1234,7
Company_19,Project A,3819260,2991397,1362,1842,45
Company_14,Project C,1805585,1470891,1766,1787,47
Company_6,Project C,1734816,1215442,1082,854,4
Company_10,Project J,2780827,2726461,677,854,19
Company_18,Project G,4543064,2876592,1246,1242,29
Company_8,Project F,3980130,4109389,2045,1806,47
Company_3,Project H,1478039,1454553,1584,1251,14
Company_14,Project G,4741361,2407668,1796,1574,48
Company_19,Project C,1992252,1499876,1636,1313,36
Company_5,Project D,4316446,3141576,915,1270,11
Company_20,Project E,2205215,1833037,1644,1876,37
Company_20,Project J,2483851,1450737,1572,1513,22
Company_14,Project G,2232465,1146329,1517,1325,32
Company_2,Project I,3438613,3050161,1668,1293,39
Company_13,Project B,3989866,3964132,714,927,23
Company_4,Project I,3803457,3166403,1972,1976,38
Company_12,Project G,1216756,800881,1646,1445,42
Company_2,Project I,4918441,5157709,1622,1721,7
Company_14,Project B,3837920,2109624,1180,1593,43
Company_11,Project H,1376031,1443880,865,986,11
Company_3,Project F,1208662,1085623,1216,1557,34
Company_1,Project J,3851278,2531670,2236,1757,36
Company_11,Project B,3221864,1756182,1743,1840,9
Company_11,Project H,3494200,2263686,694,930,42
Company_12,Project C,2161793,1214616,2211,1867,30
Company_17,Project A,3477590,2826516,831,811,10
Company_19,Project H,2992118,2796020,2146,1775,31
Company_18,Project I,2674606,2449685,1631,1288,12
Company_15,Project J,4313270,3595041,2384,1909,16
Company_14,Project E,2535848,1560965,2059,1626,7
Company_18,Project D,781570,540424,1021,1414,39
Company_3,Project B,4693060,3839669,2025,1785,3
Company_12,Project G,2341648,1927272,1587,1781,15
Company_18,Project A,4948748,4303025,1609,1693,16
Company_3,Project J,1520154,1557885,1827,1964,34
Company_3,Project G,3303696,2448562,1031,1044,46
Company_16,Project H,3486249,1934936,1301,1139,44
Company_17,Project C,1049239,705448,1268,1123,45
Company_5,Project I,1770464,1852265,1059,1384,48
Company_4,Project J,3350171,2514465,1006,810,37
Company_2,Project I,4512595,2432251,2018,1684,7
Company_14,Project J,3707393,2708081,1409,1736,43
Company_3,Project H,4243797,4589503,1504,1488,6
Company_20,Project J,788316,517245,1406,1218,49
Company_17,Project H,2605058,1653337,2231,1943,3
Company_9,Project D,3729028,2069208,1504,1751,14
Company_9,Project C,3210241,3265702,1184,1320,25
Company_5,Project B,3489179,2524815,1259,1127,24
Company_16,Project J,4657893,5017823,2191,1772,18
Company_13,Project A,4820295,4963668,1178,1117,50
Company_3,Project H,1710209,1413089,1196,1015,40
Company_8,Project A,605228,606564,1521,1993,48
Company_6,Project G,548874,591021,1119,1560,5
Company_10,Project J,970452,918149,1049,881,32
Company_14,Project G,988972,860560,2005,1936,2
Company_8,Project B,1874572,1814411,1464,1266,24
Company_10,Project I,1692929,1193723,1107,1371,32
Company_5,Project F,2156671,2075822,1223,1530,4
Company_12,Project F,1097897,860909,880,821,17
Company_18,Project B,4076511,3691816,1741,1515,14
Company_3,Project D,3245226,3222210,1666,1678,12
Company_19,Project J,3034937,1806889,1995,1537,23
Company_17,Project C,3481352,2082455,2015,1686,13
Company_11,Project D,2002337,1929639,2083,1907,32
Company_3,Project A,724695,550334,1021,820,44
Company_5,Project D,1910706,1269719,1692,1369,6
Company_15,Project B,4517136,4024768,1270,1291,35
Company_8,Project I,2942266,2962479,1073,998,17
Company_12,Project E,4477019,4837449,2020,1715,24
Company_14,Project G,579083,375549,1082,1320,17
Company_2,Project H,1109996,654618,1189,1073,8
Company_18,Project F,3651882,3348736,2034,1600,32
Company_9,Project H,664053,630516,914,1200,11
Company_14,Project F,1846208,1543040,932,1041,22
Company_2,Project A,4870380,2676298,1037,1388,33
Company_7,Project B,550861,504542,772,942,38
Company_12,Project A,1943717,1665504,1386,1896,40
Company_9,Project B,864359,802515,1723,1907,12
Company_7,Project D,3581091,3074314,797,821,16
Company_3,Project I,1432817,768292,965,886,42
Company_13,Project C,4615811,4369176,1213,1108,19
Company_19,Project B,2440369,2176706,1749,1348,6
Company_9,Project C,1890281,1402506,924,1244,28
Company_15,Project A,2068560,2111924,909,958,7
Company_20,Project E,4688891,3388301,1334,1331,4
Company_18,Project A,2863999,2442518,1818,1940,51
Company_4,Project B,1836737,1792239,947,1094,15
Company_19,Project J,4943778,4319774,934,820,12
Company_3,Project J,4852099,5072478,1606,1739,8
Company_2,Project G,4234340,2292809,1146,1352,37
Company_15,Project H,2698611,2309391,1786,1637,39
Company_2,Project C,4671774,3985245,980,1259,37
Company_13,Project G,1784382,1144913,1145,1429,47
Company_10,Project J,3757181,2207170,791,932,12
Company_11,Project A,2442811,1275154,1632,1486,20
Company_5,Project A,1820567,1790349,1163,955,49
Company_6,Project D,2067053,1104327,1098,1310,50
Company_1,Project G,4911589,2986276,1674,1882,35
Company_17,Project C,3540267,2085238,1474,1492,14
Company_11,Project B,2424401,2627707,1811,1862,25
Company_15,Project B,4144843,3396064,682,950,23
Company_13,Project D,2074833,1288703,936,1174,16
Company_1,Project G,2178687,1395964,755,885,8
Company_1,Project G,528625,460278,1148,1102,26
Company_12,Project H,816205,858000,1512,1824,25
Company_16,Project E,4117860,3484990,1922,1809,48
Company_9,Project A,2538540,2460940,1212,1388,41
Company_11,Project D,4199181,4431836,969,818,34
Company_18,Project I,656498,670507,1765,1621,23
Company_15,Project A,2461977,1816209,1592,1716,12
Company_1,Project A,1380112,1058065,670,901,32
Company_3,Project H,2002025,1913148,1872,1826,46
Company_8,Project B,1247419,642901,1513,1977,6
Company_5,Project B,904772,585968,1481,1582,48
Company_6,Project B,2413722,1961729,670,820,44
Company_16,Project E,2201667,2325446,1415,1123,15
Company_19,Project B,1205475,788460,1143,1293,14
Company_15,Project C,3767727,2086476,1659,1469,8
Company_17,Project D,3903096,3175124,1561,1931,26
Company_13,Project G,4391113,2683571,2237,1751,49
Company_4,Project F,2487755,1308677,1725,1358,7
Company_9,Project J,1021998,885651,1078,1177,9
Company_10,Project H,2829753,1848923,967,849,24
Company_4,Project G,4521080,2519693,1710,1792,10
Company_5,Project A,1011083,1028957,1460,1430,35
Company_16,Project E,4900072,3599316,961,1308,15
Company_2,Project C,757681,562647,1623,1436,7
Company_17,Project G,1993293,1121159,2015,1925,24
Company_7,Project D,3758084,3895308,779,872,40
Company_6,Project I,4810796,3903652,2071,1755,39
Company_8,Project F,2590545,2352419,1149,1180,8
Company_6,Project B,1280641,983290,673,915,23
Company_12,Project J,3627748,2195446,1252,1086,36
Company_16,Project J,1805487,904083,1752,1779,30
Company_13,Project G,810375,414924,984,1163,28
Company_20,Project F,3904231,3721365,2113,1984,22
Company_12,Project F,3115804,1625503,1070,1280,52
Company_13,Project B,3157025,3353312,1778,1768,41
Company_3,Project D,4712377,4054324,884,1110,23
Company_11,Project F,2294291,1434175,1046,1360,37
Company_18,Project C,4886007,4004027,732,933,30
Company_7,Project D,4112744,2852257,1090,1377,14
Company_3,Project B,4798515,4049106,1271,1065,14
Company_1,Project D,3651629,2130794,1315,1135,31
Company_20,Project C,1468616,1461449,1499,1940,35
Company_2,Project D,1056110,1138348,2347,1835,25
Company_13,Project D,2256124,1271097,832,1189,18
Company_11,Project B,3947794,3310875,1304,1577,23
Company_11,Project B,2561774,2792864,707,882,31
Company_9,Project C,3743087,3424815,1415,1408,7
Company_7,Project H,1460612,1269464,1302,1619,17
Company_4,Project F,2654174,2043371,1180,1282,39
Company_14,Project G,2046236,1967625,1111,1309,37
Company_6,Project E,2179161,1337605,1409,1700,10
Company_18,Project E,1202436,1293515,888,963,18
Company_17,Project E,2193439,1225802,1034,1309,52
Company_20,Project B,1097218,796067,1584,1353,40
Company_13,Project A,3021279,2937112,1508,1192,41
Company_2,Project A,3211793,1679946,1007,1031,10
Company_11,Project G,3018970,2324832,1863,1744,34
Company_13,Project C,2661088,2038297,1327,1831,5
Company_11,Project A,4555447,2565721,2343,1840,45
Company_8,Project J,903082,977541,1052,1298,31
Company_11,Project J,3884068,3480830,1133,1319,5
Company_6,Project A,3116241,1577617,1904,1635,31
Company_9,Project I,1503171,1015682,1664,1569,50
Company_16,Project B,3793705,2666824,1837,1735,11
Company_9,Project I,2373722,1970320,1424,1784,40
Company_20,Project D,1363403,843240,1050,1485,21
Company_3,Project J,2717181,2762889,1108,1296,32
Company_15,Project B,2047261,1589337,1251,1101,21
Company_7,Project G,951157,905418,1364,1333,44
Company_13,Project B,4234044,3857971,1470,1235,2
Company_15,Project C,4190583,2956163,1104,1077,23
Company_1,Project H,3392478,1911859,915,822,3
Company_7,Project I,3471783,2697347,1062,928,37
Company_3,Project A,3053314,2262189,1831,1673,4
Company_10,Project E,3725830,3237697,1725,1889,46
Company_13,Project I,3599555,1811072,1686,1401,52
Company_12,Project A,4976321,4753410,1651,1843,14
Company_19,Project G,916978,1006659,866,931,6
Company_4,Project D,2270485,1943141,1811,1621,10
Company_10,Project F,604195,367828,1315,1740,46
Company_7,Project D,3714850,2001977,948,1135,29
Company_20,Project D,3449281,2965075,683,958,24
Company_19,Project A,2914802,1559799,2217,1932,46
Company_6,Project E,4416643,3579077,1137,1231,31
Company_17,Project G,3548593,2565111,2050,1936,33
Company_15,Project I,4084197,3601062,1441,1870,45
Company_6,Project G,4290328,3601000,843,937,9
Company_13,Project A,2826133,1876107,1722,1362,30
Company_10,Project C,4502713,4609148,815,848,46
Company_5,Project D,1836921,1007295,1915,1542,6
Company_3,Project A,4763224,2401701,1278,1608,24
Company_12,Project I,3712883,3319960,953,1347,31
Company_12,Project J,1914022,1240644,908,1069,30
Company_16,Project F,2738057,2756877,1020,1381,31
Company_13,Project D,1158003,1009569,1311,1674,43
Company_4,Project B,2103546,1490164,1210,1438,33
Company_11,Project D,4235444,2250523,1513,1291,24
Company_14,Project I,4057689,4413672,2217,1954,37
Company_5,Project H,4974770,3408808,1759,1652,49
Company_9,Project A,3538915,2656996,2198,1816,50
Company_1,Project A,4137820,4204371,1797,1753,24
Company_7,Project F,2945840,2556223,1204,997,49
Company_10,Project E,2156321,1937481,2070,1880,5
Company_2,Project C,2690421,1814292,1336,1370,39
Company_19,Project A,3971750,4064217,1775,1977,32
Company_14,Project D,2078638,1294843,1108,1012,22
Company_20,Project I,3139929,2984306,1203,1680,40
Company_3,Project H,943945,753917,1452,1573,44
Company_18,Project C,1774634,1104283,703,807,5
Company_9,Project D,4963158,4395396,1057,1037,37
Company_10,Project D,1756715,1053362,1999,1647,6
Company_3,Project B,871616,748602,1470,1814,43
Company_5,Project E,773349,835722,1034,1343,4
Company_11,Project G,1078688,809724,1994,1812,16
Company_13,Project B,4727995,4865847,813,1046,4
Company_5,Project I,739968,383021,1427,1729,3
Company_5,Project C,3743484,2537684,1627,1445,28
Company_12,Project I,4388577,4357778,1148,1256,11
Company_2,Project F,4432747,3107908,1511,1785,3
Company_1,Project E,1724744,1627818,1306,1137,35
Company_16,Project F,3008426,3027205,1243,1730,17
Company_16,Project B,2503426,2282614,1059,955,2
Company_6,Project I,3150235,3449650,1234,1654,20
Company_3,Project D,3446862,2354849,958,1332,25
Company_14,Project D,975595,624047,1398,1192,14
Company_13,Project B,4558848,4670704,1054,1018,51
Company_2,Project H,1221037,1243916,1274,1639,46
Company_19,Project D,4833848,3639241,1337,1069,49
Company_16,Project I,1015693,1062884,769,1083,19
Company_7,Project I,3177747,1803524,1338,1733,19
Company_4,Project H,3443295,2893409,1425,1619,17
Company_11,Project E,4819453,4141283,1063,867,35
Company_2,Project I,2914165,3017272,2097,1950,46
Company_16,Project A,3831106,2531081,1568,1293,48
Company_5,Project D,901067,512670,2225,1858,37
Company_1,Project H,3677902,2020360,1188,1237,45
Company_15,Project I,3773523,2890624,1308,1031,19
Company_6,Project D,4510162,2897599,874,1147,29
Company_12,Project C,4609803,4933958,1952,1985,22
Company_9,Project A,3600581,1953528,1349,1372,8
Company_8,Project C,4062944,3129601,1666,1552,42
Company_14,Project C,4896720,3966066,2178,1797,48
Company_17,Project H,1249971,706002,1369,1401,43
Company_17,Project J,985757,657197,1729,1616,43
Company_19,Project G,2094918,1667822,1147,1578,41
Company_11,Project A,4214379,4338092,1981,1756,40
Company_12,Project A,4400379,4368339,1606,1319,45
Company_14,Project G,4498422,2358681,1408,1649,30
Company_4,Project A,2595588,1486272,1247,1211,36
Company_17,Project A,937625,649444,1062,840,12
Company_9,Project J,4950252,2505217,790,1009,2
Company_9,Project I,3299131,1989735,967,1253,39
Company_2,Project F,3782831,4141284,747,1057,3
Company_12,Project C,2252374,1906229,2224,1785,43
Company_17,Project I,1861303,1659118,1200,1076,23
Company_18,Project D,2279685,2219025,1207,994,35
Company_15,Project I,2679431,2769972,1357,1471,23
Company_4,Project A,4127447,2473896,633,806,24
Company_1,Project A,1199539,844309,1853,1713,47
Company_11,Project A,1833572,1501055,1245,1632,49
Company_17,Project B,1328791,1443693,683,874,5
Company_14,Project F,876794,522582,1224,1061,43
Company_15,Project E,4385180,3167144,819,923,30
Company_6,Project D,2799899,2316156,1393,1596,18
Company_15,Project D,3705228,4010706,1116,867,17
Company_9,Project A,3460033,2079487,1944,1620,13
Company_19,Project C,3262081,2138623,1146,1561,42
Company_14,Project E,3121578,2605347,1013,1282,44
Company_2,Project D,1371522,1410183,808,903,51
Company_19,Project E,3104884,1828126,1296,1316,39
Company_4,Project F,1288140,998411,813,1045,19
Company_11,Project G,2118963,1652937,2301,1817,28
Company_17,Project C,2727503,1517046,1972,1619,19
Company_4,Project F,921280,771689,1123,1206,11
Company_11,Project I,1972178,2044500,851,881,51
Company_15,Project D,4661900,3663740,1002,1310,7
Company_20,Project A,2699391,1739027,892,1242,17
Company_15,Project G,4269457,3356246,1812,1482,16
Company_10,Project J,3202882,2006358,1006,856,21
Company_3,Project C,4966951,5447698,950,1341,50
Company_1,Project D,902980,852671,1082,940,25
Company_5,Project I,1437635,1322653,1131,1502,1
Company_9,Project B,4956397,3690165,866,1213,46
Company_11,Project C,4231404,4521732,1074,844,8
Company_6,Project B,3181206,3197890,833,1121,40
Company_13,Project H,1251518,800258,1029,1094,47
Company_14,Project H,2830229,1961058,1152,1120,27
Company_13,Project E,2184532,1637684,1239,1525,19
Company_10,Project J,2098099,1908368,1796,1837,36
Company_14,Project D,4398190,3657097,1159,1502,24
Company_8,Project B,3084182,1835626,1969,1649,12
Company_11,Project I,941904,650433,1456,1790,12
Company_18,Project F,1314422,1117206,1008,1189,38
Company_11,Project I,4896650,3242737,1279,1227,1
Company_18,Project C,2688370,2811943,1795,1423,13
Company_19,Project E,1255612,919847,1581,1431,17
Company_15,Project G,1167540,1197086,2462,1924,21
Company_12,Project A,3175480,2155615,1312,1332,4
Company_19,Project E,3401092,2717957,1670,1670,42
Company_9,Project C,3388939,1700328,1744,1836,47
Company_13,Project D,4381857,2748285,1378,1128,31
Company_1,Project D,1001590,866026,900,961,45
Company_8,Project G,1858097,1750806,1222,1125,36
Company_8,Project F,1789467,940909,650,848,1
Company_10,Project E,1605710,1607778,1146,1357,44
Company_6,Project H,2211952,1271034,1409,1961,2
Company_3,Project F,1179447,1102681,1543,1208,17
Company_6,Project A,2878907,1901090,1280,1264,20
Company_12,Project F,3192794,2329297,1192,1544,42
Company_6,Project G,792575,535768,951,832,32
Company_7,Project D,4676426,4198515,2276,1772,12
Company_15,Project C,879039,913441,1089,1024,9
Company_8,Project F,4871047,2627525,1626,1288,4
Company_2,Project G,1262371,1356637,1005,1192,44
Company_20,Project B,3706943,2021629,849,1032,11
Company_12,Project G,808617,557208,1374,1066,42
Company_8,Project H,1797819,1592312,2374,1872,4
Company_6,Project H,852414,788169,1255,1593,47
Company_5,Project D,2251498,1185950,1537,1745,52
Company_2,Project J,789220,688630,1615,1397,21
Company_14,Project J,4499453,3763903,1894,1916,46
Company_13,Project A,3608591,3958583,1029,849,17
Company_12,Project F,1607810,1284546,1684,1495,41
Company_12,Project E,1849590,1005897,1192,1685,25
Company_6,Project D,1969793,1810213,1327,1044,44
Company_2,Project G,3533449,2777785,1085,1294,8
Company_11,Project G,3035610,3266621,1806,1553,17
Company_12,Project I,639227,674842,705,970,37
Company_10,Project H,4845398,4541673,1521,1589,2
Company_3,Project J,2795936,1473309,1388,1404,36
Company_3,Project D,2040724,1060300,1628,1517,20
Company_13,Project D,2136675,2154544,2306,1881,29
Company_20,Project D,923177,926767,1348,1864,23
Company_1,Project A,1706184,1826086,1706,1508,22
Company_19,Project E,1215339,1160971,945,1202,35
Company_7,Project G,1128889,1169003,1394,1204,7
Company_10,Project D,3029832,2052459,1105,911,15
Company_14,Project I,3284067,2223789,1190,1220,27
Company_15,Project H,3791070,2651150,2087,1793,27
Company_10,Project D,647745,664281,923,1270,3
Company_20,Project G,2483044,1825271,1136,980,45
Company_6,Project E,2447238,1670286,847,1011,10
Company_19,Project F,708859,486313,1395,1219,47
Company_5,Project G,4195727,4154053,779,1005,50
Company_16,Project F,2576198,1628912,1726,1845,36
Company_8,Project A,1920858,1438111,1955,1737,16
Company_2,Project I,2141232,1843455,1332,1235,17
Company_5,Project F,1284192,1187998,1255,1362,49
Company_9,Project H,2682926,2491354,1410,1824,2
Company_7,Project I,2348058,1247140,791,872,17
Company_6,Project D,4997968,4679267,936,974,52
Company_1,Project A,837369,500596,1896,1663,3
Company_18,Project A,4456778,4471923,1516,1287,19
Company_1,Project B,2161655,1995040,1748,1701,4
Company_17,Project H,4319712,2960301,916,1189,19
Company_16,Project C,797675,507350,1518,1912,19
Company_4,Project G,1875607,1856562,1309,1112,2
Company_7,Project H,3932207,4282737,1434,1299,3
Company_1,Project A,2747805,2018013,1007,939,12
Company_1,Project E,1490029,1286346,1974,1687,28
Company_18,Project I,2324964,1263075,1261,1358,19
Company_1,Project D,4608502,2854484,1066,927,7
Company_20,Project H,2124777,2228548,986,1017,18
Company_10,Project A,4407129,2503170,1691,1480,2
Company_20,Project I,4026362,3268691,1933,1818,49
Company_2,Project I,4604399,4044597,1542,1385,35
Company_11,Project G,1511930,824531,762,1029,39
Company_9,Project F,4756146,4157771,1203,1166,20
Company_2,Project F,1414565,920225,980,872,3
Company_16,Project F,2070234,1371856,916,1307,41
Company_4,Project A,2377145,1829096,2052,1620,19
Company_19,Project E,1379459,1270045,601,824,22
Company_1,Project A,4343139,4611372,1901,1960,45
Company_1,Project J,764237,468572,1364,1061,36
Company_17,Project J,3237946,2461323,2309,1950,50
Company_15,Project D,4827802,4509498,1805,1714,29
Company_17,Project I,4364044,2421323,1391,1168,41
Company_15,Project D,1389855,902051,647,868,47
Company_2,Project H,4551889,4277137,2189,1984,11
Company_18,Project G,1353329,1330395,1069,1074,10
Company_13,Project H,4639394,4036598,1390,1632,46
Company_14,Project H,582409,440590,1374,1308,51
Company_7,Project A,3999701,4063273,1602,1367,28
Company_2,Project J,2143707,2144105,1428,1479,43
Company_11,Project E,2752641,2202245,1266,1311,15
Company_13,Project D,3412511,2540886,1665,1674,22
Company_4,Project A,4266001,3179307,1427,1861,3
Company_5,Project A,1173812,1112851,2094,1762,10
Company_20,Project C,1036644,523275,798,939,35
Company_10,Project G,1974620,1406469,1041,851,25
Company_13,Project G,3638102,3898913,1296,1421,46
Company_10,Project J,1571984,882733,698,936,39
Company_13,Project C,2663349,2165195,1172,1060,39
Company_17,Project G,1827042,1367923,1806,1694,16
Company_15,Project E,3034957,2218195,1492,1868,23
Company_8,Project E,3244804,3048300,1616,1841,2
Company_1,Project A,1490121,1533330,1307,1433,43
Company_19,Project D,4609545,3985650,804,1005,34
Company_15,Project F,3952814,3753727,1201,1162,19
Company_15,Project A,4684238,4460128,1564,1745,33
Company_13,Project F,2903233,1490185,798,1038,1
Company_17,Project E,1633183,1777329,672,816,29
Company_5,Project J,1660294,1247815,1612,1328,49
Company_3,Project E,3524015,1783106,1640,1467,43
Company_1,Project I,1837768,1453778,1521,1746,22
Company_7,Project C,1667272,1716516,1202,1698,19
Company_14,Project I,1993551,1245518,1316,1333,40
Company_15,Project I,1666670,899899,2093,1624,40
Company_18,Project B,4522261,3437295,1056,1020,13
Company_3,Project C,4413397,4137739,621,839,3
Company_4,Project D,2559385,1817078,630,895,11
Company_11,Project B,1334440,671474,1474,1947,49
Company_15,Project I,4322727,3266436,1301,1113,36
Company_13,Project G,2346585,2241225,1058,1284,32
Company_12,Project G,1058981,1006017,1025,1200,28
Company_3,Project E,2458691,2487091,1535,1737,26
Company_13,Project F,3138439,2160175,1974,1863,16
Company_2,Project J,2305518,1924546,1024,1313,44
Company_19,Project J,2482847,2059783,1119,1304,23
Company_6,Project C,2357596,1637838,1774,1484,30
Company_14,Project D,4636725,2494021,2116,1774,7
Company_6,Project H,1466649,1348392,792,1003,20
Company_8,Project A,1927989,1002951,1484,1204,37
Company_15,Project E,4072401,3951301,701,855,46
Company_8,Project G,3748204,3730397,1342,1130,40
Company_6,Project D,2507338,2658135,2266,1914,12
Company_10,Project C,4717690,3042428,937,1052,45
Company_3,Project D,2798354,2080875,1428,1307,11
Company_3,Project F,3427053,3598275,1585,1791,38
Company_15,Project J,4424482,3870397,2049,1948,35
Company_4,Project C,1978081,1828613,1820,1738,43
Company_16,Project C,2422967,1762651,1622,1793,23
Company_5,Project E,3288107,2618939,1890,1936,51
Company_6,Project I,3135466,3353444,1091,988,14
Company_18,Project H,3867851,3095114,1532,1370,23
Company_9,Project F,500917,297406,2238,1887,10
Company_1,Project H,903157,765728,1827,1520,12
Company_14,Project B,1884822,1136284,1210,1006,20
Company_20,Project F,2047419,1623802,2355,1917,3
Company_2,Project E,2358997,2004945,1529,1675,49
Company_20,Project H,1899769,1046277,1539,1439,29
Company_16,Project G,2394554,2256760,1091,887,16
Company_9,Project C,3631603,2286951,1357,1264,51
Company_8,Project E,4725389,3313288,1921,1744,30
Company_10,Project C,4073258,3965909,1565,1894,46
Company_2,Project D,4726405,5035654,1382,1727,50
Company_5,Project D,4489284,4289849,1332,1383,3
Company_8,Project H,861309,441259,1237,1449,29
Company_17,Project D,778495,844841,2365,1909,13
Company_18,Project F,3199134,2120448,1574,1589,24
Company_11,Project E,4320671,2533845,1556,1935,38
Company_17,Project A,996440,925804,932,980,31
Company_9,Project F,795599,659028,2065,1771,13
Company_15,Project J,669934,551230,1533,1478,15
Company_9,Project H,1351161,833801,1871,1905,20
Company_9,Project F,824934,470383,799,847,19
Company_7,Project D,1268223,729990,2129,1676,25
Company_5,Project F,2499117,2216334,2506,1955,19
Company_8,Project I,1011162,591260,745,919,13
Company_3,Project C,1817621,1809308,1280,1205,45
Company_6,Project H,825437,483541,1569,1705,8
Company_12,Project A,4612732,4509203,1221,1107,31
Company_9,Project E,4977310,3274813,1422,1324,20
Company_10,Project B,2114099,1534662,898,1136,49
Company_1,Project A,1730796,962782,1584,1881,15
Company_13,Project G,2933351,1831949,2407,1934,46
Company_7,Project E,4932027,4716721,1673,1686,49
Company_18,Project A,3957521,2923497,1889,1917,30
Company_11,Project E,2779023,1957118,1450,1735,30
Company_15,Project I,879593,848043,995,1364,52
Company_20,Project A,3287976,3299510,2147,1824,52
Company_11,Project B,798783,423170,2214,1773,16
Company_8,Project H,1840683,1339742,1744,1865,27
Company_11,Project G,3099327,2584447,1537,1223,43
Company_6,Project F,3449311,2616879,975,1026,50
Company_17,Project E,3966689,3572879,1435,1670,51
Company_17,Project F,4381143,3025309,2058,1942,19
Company_20,Project D,1019385,1068069,834,857,22
Company_17,Project I,920539,1007129,950,1051,36
Company_8,Project H,3022919,2492704,1021,1259,28
Company_16,Project B,4031674,2239257,1926,1711,4
Company_14,Project I,2926105,1471877,1567,1429,34
Company_20,Project H,770146,521050,1478,1263,10
Company_3,Project I,4972089,4625396,1051,1150,44
Company_12,Project G,624591,571271,894,928,4
Company_2,Project C,1660152,1689837,1101,1427,21
Company_1,Project D,2701340,2149433,820,1049,38
Company_15,Project I,797584,420446,1390,1270,21
Company_18,Project E,1354741,1102604,1227,991,28
Company_18,Project J,4990224,2742828,1182,1002,25
Company_5,Project J,1416004,808857,1383,1669,45
Company_9,Project B,2589319,1345063,1009,829,1
Company_12,Project G,2345964,1972450,2221,1759,26
Company_9,Project G,3939289,2988897,1075,1473,31
Company_20,Project I,1139872,883124,1747,1351,12
Company_1,Project A,4961902,4924279,1827,1477,42
Company_16,Project H,4814896,3355538,1111,1401,47
Company_6,Project A,3863244,3880803,943,1165,48
Company_8,Project F,1597996,1239205,2286,1815,27
Company_6,Project E,2202457,2004940,1041,825,22
Company_20,Project F,1185503,1033217,1990,1584,6
Company_14,Project G,2997934,2601239,1700,1550,44
Company_17,Project C,4843699,4022198,1105,921,19
Company_8,Project H,4034150,2635114,1824,1888,17
Company_4,Project F,3745988,2030568,1276,1607,14
Company_16,Project D,1508923,1223684,1316,1570,45
Company_15,Project I,2909409,3001663,2093,1675,39
Company_10,Project I,4223234,2343153,1057,1457,16
Company_7,Project B,4865693,2860354,882,1252,43
Company_14,Project D,4787382,3831276,1673,1969,29
Company_9,Project E,3835379,2412923,850,1175,10
Company_3,Project J,4380323,3042605,1873,1648,11
Company_5,Project F,907407,790901,2293,1772,6
Company_3,Project I,3362349,3069244,805,912,12
Company_9,Project G,2220444,1406885,1866,1870,10
Company_2,Project H,4133646,3945026,1721,1517,48
Company_14,Project J,3232406,3177384,2027,1848,30
Company_20,Project B,3159786,1624839,1527,1204,10
Company_7,Project G,4822751,3221287,1327,1057,17
Company_10,Project B,853039,720280,919,1282,11
Company_16,Project F,2435657,2077643,1265,1798,44
Company_15,Project H,4968653,3064012,1616,1691,7
Company_11,Project A,4361460,2409945,673,889,17
Company_15,Project E,2428854,1522103,1941,1769,30
Company_20,Project E,2290146,1810668,1314,1260,29
Company_5,Project G,2818620,1661716,1486,1637,52
Company_2,Project F,541743,326550,1260,1749,32
Company_13,Project C,1001793,617165,2094,1629,23
Company_4,Project F,2270403,1301546,1713,1810,52
Company_6,Project D,2572723,2325369,906,1187,47
Company_5,Project D,3611500,3956575,1420,1417,23
Company_4,Project C,4147965,2949547,1006,962,42
Company_19,Project E,1570913,1194862,1875,1961,32
Company_17,Project G,4827552,2787933,1331,1140,31
Company_15,Project B,1560560,1613537,1569,1791,12
Company_10,Project G,4396937,4481962,1422,1931,2
Company_11,Project H,546250,589018,641,811,50
Company_17,Project F,1376336,1251804,1429,1493,2
Company_6,Project I,4571867,4872865,1802,1644,32
Company_10,Project E,2768693,1587027,1129,1553,16
Company_9,Project B,554745,475130,729,811,32
Company_12,Project J,1002264,656638,1570,1587,9
Company_2,Project A,4017847,3196435,1749,1368,51
Company_15,Project E,1696311,1217361,1071,1421,28
Company_18,Project H,1962603,1158745,1081,835,14
Company_14,Project D,2990272,2997803,1200,947,25
Company_3,Project G,2539660,1684233,1879,1498,32
Company_8,Project C,4624390,2357264,1676,1509,14
Company_17,Project G,2288220,1614656,1445,1480,14
Company_12,Project B,2096246,1964944,774,1005,5
Company_1,Project E,2479746,1770433,695,882,31
Company_8,Project D,2004900,1621316,1335,1125,35
Company_2,Project E,778104,571081,1280,1440,27
Company_11,Project G,1495893,1146545,1044,853,47
Company_3,Project D,4466914,4411007,844,857,46
Company_1,Project A,3215548,3266140,717,807,2
Company_19,Project A,1464795,845180,1132,1011,3
Company_9,Project G,1171986,937559,1454,1925,4
Company_11,Project I,4318971,3307555,2027,1676,22
Company_19,Project H,1658343,1787839,1407,1426,52
Company_11,Project I,2159090,2157903,1297,1234,20
Company_14,Project J,4382506,2300585,1058,1226,42
Company_6,Project D,3102352,2693408,1183,1127,38
Company_15,Project H,1962538,2050148,1327,1451,7
Company_5,Project E,1700847,908471,1679,1400,24
Company_20,Project F,4601599,4388785,1030,1165,4
Company_9,Project G,2899771,2458538,1030,1112,45
Company_19,Project A,658477,393212,1596,1597,36
Company_3,Project D,4428685,4561386,1222,1746,29
Company_15,Project E,2491161,1337424,1812,1910,52
Company_7,Project F,2104592,1243517,1242,1449,17
Company_16,Project B,4716794,3315201,1046,1312,38
Company_2,Project D,4055971,2536192,1267,1529,17
Company_7,Project B,4528604,3832054,2031,1719,9
Company_18,Project D,4683583,4893459,1737,1979,43
Company_16,Project C,3923994,2980912,1131,1059,47
Company_7,Project J,3448134,2763660,1003,1341,48
Company_11,Project B,2767357,1981085,1657,1913,44
Company_7,Project A,1518454,1055949,1347,1189,26
Company_8,Project H,3801394,3078254,1824,1406,22
Company_10,Project A,3802923,4070343,863,954,10
Company_12,Project G,4957632,4165083,1869,1940,29
Company_20,Project G,1114673,958258,1013,1221,44
Company_1,Project J,1225571,759421,1683,1680,11
Company_2,Project F,817942,702724,1150,943,42
Company_7,Project C,4766399,4742148,1153,996,49
Company_10,Project G,1917158,1466818,1295,1577,15
Company_15,Project C,1947307,1438429,1764,1388,6
Company_3,Project H,3951001,2320012,998,1396,8
Company_8,Project G,2395618,2459868,1445,1133,16
Company_7,Project G,815617,498477,991,912,38
Company_1,Project J,2082701,1609026,886,1105,43
Company_17,Project J,4724367,4291307,1115,1219,46
Company_11,Project F,1662180,1777516,1482,1964,47
Company_18,Project I,3216826,3086811,888,936,28
Company_20,Project A,1611288,900797,1436,1122,4
Company_6,Project H,2943869,2338153,764,947,48
Company_15,Project B,731414,415017,1220,974,2
Company_15,Project B,1910808,1697704,2552,1970,47
Company_14,Project F,706251,560708,1422,1504,45
Company_19,Project B,2224854,1476391,1383,1498,12
Company_20,Project A,3267257,3378614,879,926,37
Company_16,Project F,845430,711117,1141,1461,13
Company_16,Project C,1347405,682658,1243,1013,45
Company_8,Project E,4288264,2680118,1289,1462,25
Company_11,Project G,2172349,2309639,911,1112,32
Company_13,Project B,860306,857294,1126,1234,24
Company_18,Project D,2573946,2360236,860,908,27
Company_8,Project A,4362163,2865067,1051,1428,23
Company_9,Project B,3445081,1735902,1161,933,25
Company_6,Project F,1918314,1632287,1547,1991,45
Company_3,Project A,3428785,3184135,1311,1692,24
Company_3,Project A,1126840,578675,1010,1307,36
Company_2,Project I,565756,557890,1623,1522,16
Company_19,Project I,2896640,1915485,1417,1671,1
Company_2,Project I,933797,797268,2024,1893,45
Company_16,Project G,2644797,2456856,933,1073,31
Company_20,Project I,1317166,964785,2192,1991,31
Company_9,Project J,2100720,1075742,1844,1892,4
Company_20,Project B,928556,474833,1495,1918,47
Company_3,Project I,1926548,964348,1005,1284,30
Company_13,Project D,3872105,4054231,1008,872,13
Company_2,Project F,4884575,4334384,1838,1974,23
Company_19,Project E,1571192,928781,1485,1587,31
Company_17,Project B,3910956,2960243,1261,1531,25
Company_6,Project C,3452053,2374873,943,1124,35
Company_19,Project H,1084718,1031314,2028,1750,41
Company_14,Project A,4552579,3305199,1484,1266,19
Company_16,Project F,2617191,1437998,1708,1394,40
Company_13,Project G,4705089,3125209,1467,1317,27
Company_6,Project I,3983978,3212449,1712,1938,17
Company_3,Project F,916690,982171,909,820,14
Company_7,Project H,2377779,1601825,2224,1882,51
Company_13,Project A,2015509,1312880,1275,1178,29
Company_13,Project H,3369530,3624547,1527,1263,7
Company_12,Project G,1529242,1532094,1401,1489,41
Company_5,Project I,904911,902400,1288,1023,17
Company_15,Project C,671277,605899,953,1214,52
Company_20,Project G,1881710,1020920,2048,1850,18
Company_4,Project G,3699362,3247214,1557,1772,8
Company_8,Project D,3996716,4338304,802,878,49
Company_2,Project B,4830972,2511915,1485,1564,7
Company_14,Project H,906884,814280,1819,1917,27
Company_3,Project E,1829785,1654359,1694,1738,16
Company_2,Project D,3258566,2256598,1806,1392,21
Company_5,Project E,694152,584793,1835,1508,20
Company_2,Project I,4533123,3661800,1179,1473,43
Company_6,Project A,1051238,1111457,1006,896,18
Company_4,Project D,3669562,2660046,1085,960,18
Company_9,Project G,1314661,742543,1172,1601,36
Company_10,Project H,4926421,3471878,1143,1028,49
Company_10,Project A,3941558,3559040,1593,1561,15
Company_4,Project C,3979799,2755750,1172,1381,7
Company_1,Project D,1380432,1400473,999,1162,46
Company_14,Project I,4439625,2845145,1059,1490,47
Company_20,Project H,3068101,3359980,813,1040,27
Company_15,Project G,2307317,1922755,1460,1750,19
Company_11,Project D,834248,685939,1458,1981,29
Company_17,Project F,1313526,786240,2415,1933,14
Company_3,Project H,973656,528034,1576,1937,19
Company_20,Project E,506464,543572,1163,1018,29
Company_16,Project F,765039,435563,1387,1385,40
Company_17,Project I,1896102,1174695,792,907,23
Company_14,Project D,1103151,657398,1633,1458,14
Company_18,Project A,2340277,2208476,736,928,37
Company_6,Project C,2280832,1194897,1604,1260,18
Company_12,Project J,1064174,978782,1277,1366,33
Company_5,Project B,1913967,2083840,2294,1977,33
Company_3,Project G,2922952,2392920,1703,1382,29
Company_18,Project G,3956000,3311639,1203,1317,41
Company_7,Project J,1428864,883056,899,855,34
Company_15,Project A,3099098,3038861,861,929,46
Company_18,Project G,1044344,950689,1302,1246,13
Company_11,Project J,2380164,1704760,1808,1940,25
Company_13,Project H,610957,414709,1221,1456,40
Company_2,Project I,4960168,3500407,954,916,24
Company_8,Project J,2269361,2339001,711,951,11
Company_17,Project B,1417999,965484,1215,1356,42
Company_9,Project A,4506622,2263686,2077,1818,29
Company_15,Project I,1327150,836034,1199,1046,13
Company_20,Project J,542137,382358,957,891,25
Company_3,Project B,4039730,3398920,1646,1387,33
Company_3,Project A,4650579,4533247,2139,1869,26
Company_16,Project H,2571088,1316432,2143,1941,1
Company_8,Project G,773541,681370,2177,1894,28
Company_11,Project J,3638893,2456786,957,1337,26
Company_20,Project C,958819,890814,1343,1258,52
Company_12,Project A,2554048,2360878,1638,1693,12
Company_16,Project D,1369953,703130,749,886,40
Company_17,Project B,3257506,2591076,915,877,20
Company_2,Project F,4421087,2683819,1650,1841,13
Company_19,Project H,3977983,4028616,1078,883,7
Company_11,Project E,3181478,3208611,1142,1322,48
Company_3,Project J,1322564,755797,777,892,5
Company_8,Project E,2703463,2857987,1626,1692,11
Company_14,Project G,4279337,4527962,878,1163,14
Company_2,Project I,1398704,1363924,1664,1682,10
Company_7,Project D,1529516,1413969,2042,1908,42
Company_4,Project B,3629985,2079433,1191,1129,5
Company_8,Project C,1928926,993124,1442,1451,11
Company_8,Project J,1746729,1725573,1570,1935,11
Company_10,Project F,2344053,1957056,1608,1277,50
Company_7,Project I,873145,822746,798,885,1
Company_6,Project A,2343441,1260452,1175,1065,51
Company_6,Project E,3834944,2904930,1169,1531,39
Company_12,Project J,4817293,4801809,1730,1343,27
Company_11,Project G,541139,408544,880,1142,34
Company_7,Project H,1545716,1005541,1416,1486,33
Company_2,Project D,2620700,2208055,1293,1421,35
Company_8,Project E,4670163,5118307,1273,993,10
Company_4,Project A,712803,719153,982,1009,47
Company_19,Project J,3370581,2028602,1178,939,23
Company_8,Project B,4743460,2840192,1634,1836,48
Company_3,Project J,3181722,1786283,1204,1697,40
Company_18,Project E,3873694,3524552,1308,1081,22
Company_12,Project G,868893,833970,1069,1343,40
Company_13,Project E,3985001,3712190,1551,1992,11
Company_18,Project J,3224903,2391019,1133,1054,7
Company_4,Project E,726179,461467,1044,825,6
Company_16,Project A,985287,614428,1178,1434,27
Company_4,Project H,4643403,3563790,1018,1156,16
Company_1,Project I,3453028,3618558,1297,1083,12
Company_5,Project B,4090511,4040760,2397,1898,46
Company_4,Project E,1839462,1693197,2419,1924,33
Company_10,Project I,1637317,1123501,950,1020,15
Company_19,Project J,2754851,2895659,1862,1647,12
Company_12,Project B,4525282,4001383,1667,1457,36
Company_2,Project I,4563068,3946719,1038,1228,14
Company_10,Project D,1279105,1003566,2185,1990,5
Company_17,Project H,4984781,5137345,2025,1913,35
Company_6,Project G,2970856,2528727,714,1014,22
Company_8,Project G,1084942,782189,1764,1991,31
Company_11,Project B,848848,789731,1944,1903,24
Company_13,Project D,2643167,1789338,2208,1725,16
Company_17,Project F,3572753,2816529,1238,1616,50
Company_4,Project J,1551893,1295230,1200,1006,23
Company_16,Project E,3923376,3066683,1234,1132,21
Company_13,Project B,1208669,976500,2078,1619,14
Company_12,Project G,3498851,2538456,791,1124,44
Company_10,Project I,2712292,2088849,1424,1951,13
Company_8,Project A,2548880,1705442,1025,884,28
Company_17,Project I,4467454,3344537,1428,1994,17
Company_4,Project B,3104684,2971598,1465,1408,33
Company_11,Project A,2307737,1501238,1101,894,36
Company_1,Project G,754043,796378,1301,1782,27
Company_6,Project F,4804388,2813875,1630,1880,25
Company_1,Project A,1697442,1684465,1495,1544,45
Company_13,Project F,4708694,2564358,1115,1483,45
Company_16,Project G,4339346,2843254,703,1000,6
Company_2,Project C,574231,318580,1601,1502,19
Company_20,Project I,3093050,2024646,1529,1374,17
Company_19,Project A,2225812,2389422,2341,1904,5
Company_8,Project D,1863864,1886212,1210,1003,38
Company_9,Project D,1533879,1406539,1485,1969,51
Company_19,Project B,1717309,1654268,1247,1008,17
Company_9,Project H,1861621,1820640,2133,1899,35
Company_17,Project A,4651674,2351198,1421,1757,10
Company_18,Project B,4138236,2675322,2035,1621,39
Company_2,Project G,3303089,1911984,1373,1310,36
Company_9,Project H,1717933,1217724,2196,1827,51
Company_12,Project B,1656245,1093226,1844,1615,43
Company_6,Project G,1776120,1264746,1191,939,4
Company_12,Project B,4261509,4083863,1701,1457,42
Company_15,Project J,3983974,3620513,1298,1302,17
Company_2,Project F,2387717,2607130,1466,1217,50
Company_14,Project F,3897570,4141930,673,873,50
Company_12,Project A,837164,692234,1377,1827,7
Company_17,Project D,2916338,2177590,1394,1516,6
Company_6,Project D,2119426,2077212,1601,1816,24
Company_16,Project F,1420631,1141555,1530,1260,35
Company_14,Project F,1935367,1237555,1107,1569,17
Company_20,Project B,1545851,1416040,1230,1273,52
Company_11,Project G,4571650,4524358,1357,1195,3
Company_20,Project G,2869320,1614420,1377,1292,39
Company_10,Project A,4531103,3012275,906,1058,40
Company_11,Project G,4206729,3906687,1126,1342,10
Company_7,Project B,1028168,590958,1189,1331,6
Company_18,Project I,2526182,1714704,952,1194,12
Company_14,Project F,1300981,1141017,1402,1168,38
Company_5,Project A,1070993,875241,2147,1798,52
Company_5,Project C,2673577,1762068,1932,1487,31
Company_1,Project F,4727234,3749289,1335,1313,38
Company_9,Project E,3987924,2302833,1569,1459,28
Company_13,Project J,4347593,4519964,1257,1349,7
Company_2,Project E,3940863,3650070,1199,1150,15
Company_19,Project G,644375,430106,1279,1171,4
Company_6,Project J,3579578,2268757,1393,1534,11
Company_2,Project D,2296218,2039972,1443,1410,11
Company_7,Project A,2540403,1331091,1420,1874,25
Company_12,Project J,4402216,3328677,1293,1029,5
Company_10,Project B,1961742,2125627,1917,1488,12
Company_5,Project J,1027340,944865,907,1054,21
Company_8,Project E,4651951,2437056,1292,1058,15
Company_13,Project H,1871446,1490396,1412,1237,16
Company_6,Project I,2077415,1341818,1575,1428,11
Company_6,Project E,4641426,4078094,1909,1652,8
Company_20,Project H,2836798,2493908,1443,1404,46
Company_15,Project J,2234428,2092477,1551,1907,10
Company_5,Project F,956104,960128,1672,1647,7
Company_16,Project F,1667732,1160813,1650,1896,31
Company_13,Project J,4165842,2733799,1873,1787,29
Company_5,Project J,4445123,2979471,1463,1881,7
Company_9,Project E,2680019,1892041,2313,1948,27
Company_6,Project E,2557017,2357483,1339,1825,2
Company_5,Project D,4703887,3198469,1991,1562,39
Company_20,Project I,968298,610644,1753,1759,47
Company_13,Project A,3160891,2002012,939,815,24
Company_19,Project F,2692271,2273239,1733,1504,15
Company_19,Project D,1701988,1265058,836,1193,43
Company_2,Project G,4934921,2631631,1503,1766,41
Company_3,Project G,647631,578941,1922,1800,49
Company_4,Project D,2138004,2282167,1874,1851,50
Company_3,Project F,2061014,1159930,1641,1394,36
Company_19,Project F,4154250,3905766,876,1156,24
Company_4,Project D,2739155,2719659,955,1233,36
Company_18,Project F,4926111,2624710,638,838,2
Company_17,Project C,4602622,5039754,729,900,9
Company_16,Project A,4569305,2952542,1296,1554,35
Company_5,Project B,4612924,3496991,1626,1835,16
Company_17,Project J,739647,787317,2317,1892,42
Company_9,Project A,4272515,4381084,1050,1496,33
Company_18,Project I,3240855,3159242,1049,1134,15
Company_18,Project B,3669451,3812148,953,874,49
Company_19,Project B,623199,328873,2084,1673,42
Company_20,Project J,3972696,2490319,1428,1507,48
Company_1,Project D,4461643,4292157,1564,1726,37
Company_10,Project A,2843453,1785467,2203,1852,3
Company_9,Project J,4428125,3327105,1309,1379,2
Company_13,Project G,4860866,4824455,1760,1608,44
Company_12,Project B,3290353,2249077,632,857,32
Company_10,Project H,4341185,3830580,1471,1894,43
Company_3,Project C,1204824,1192334,1504,1610,26
Company_17,Project J,3877136,3601749,1425,1322,12
Company_18,Project E,4994893,4426633,1472,1290,36
Company_8,Project B,3769960,2320062,1186,1080,47
Company_11,Project H,3963894,4230651,792,825,19
Company_19,Project B,2837180,2138132,762,968,42
Company_5,Project C,3064462,3338282,1205,1323,33
Company_10,Project E,901072,675242,1524,1333,5
Company_1,Project G,4968852,4353119,2205,1967,33
Company_1,Project J,3679888,3758547,824,849,48
Company_18,Project I,4406377,2419135,1055,1245,8
Company_6,Project F,2647865,2170807,2080,1922,6
Company_19,Project G,4027110,2374632,1503,1400,48
Company_9,Project J,2662766,2079567,2160,1720,9
Company_19,Project J,1487938,1205770,1306,1822,34
Company_6,Project G,1606623,1368015,1074,1122,48
Company_9,Project D,2105752,1959479,2264,1764,12
Company_18,Project I,1533388,1141053,1724,1847,2
Company_4,Project G,3577026,3151928,1376,1454,46
Company_10,Project I,4274159,4392278,759,863,43
Company_2,Project F,1032249,1123248,1532,1305,31
Company_16,Project A,1670933,1145174,1864,1605,3
Company_1,Project E,3207834,2386235,1316,1823,27
Company_13,Project A,4565011,2873062,1210,1030,40
Company_14,Project F,2747837,1617683,2425,1908,23
